<?xml version="1.0" encoding="UTF-8"?>
<beans:beans xmlns="http://www.springframework.org/schema/hadoop"
	xmlns:beans="http://www.springframework.org/schema/beans" xmlns:xsi="http://www.w3.org/2001/XMLSchema-instance"
	xmlns:batch="http://www.springframework.org/schema/batch" xmlns:p="http://www.springframework.org/schema/p"
	xmlns:context="http://www.springframework.org/schema/context"
	xsi:schemaLocation="http://www.springframework.org/schema/batch http://www.springframework.org/schema/batch/spring-batch-2.1.xsd
		http://www.springframework.org/schema/beans http://www.springframework.org/schema/beans/spring-beans.xsd
		http://www.springframework.org/schema/hadoop http://www.springframework.org/schema/hadoop/spring-hadoop.xsd
		http://www.springframework.org/schema/context http://www.springframework.org/schema/context/spring-context-3.0.xsd">

	<context:property-placeholder location="hadoop.properties"
		ignore-resource-not-found="true" ignore-unresolvable="true" />


	<configuration>
		fs.default.name=${hd.fs}
		mapred.job.tracker=${mapred.job.tracker}
	</configuration>

	<batch:job id="wordcount-batch">
		<batch:step id="wordcount-step">
			<batch:tasklet ref="wordcount-tasklet" />
		</batch:step>
	</batch:job>

	<tasklet id="wordcount-tasklet" job-ref="wordcount-job" />

	<beans:bean name="pathUtils"
		class="org.springframework.data.hadoop.util.PathUtils" p:rootPath="${wordcount-job.output.path}"
		p:pathFormat="year/month/day/hour/minute/second" />

	<job id="wordcount-job" input-path="${wordcount-job.input.path}"
		output-path="#{@pathUtils.getTimeBasedPathFromRoot()}" mapper="${wordcount-job.mapper.class}"
		reducer="${wordcount-job.reducer.class}"
		jar="${wordcount-job.jar.path}" validate-paths="false" />
		
</beans:beans>
